"","RunExp","inventoriesChangeC_realgdpcyclelag-10","inventoriesChangeC_realgdpcyclelag-9","inventoriesChangeC_realgdpcyclelag-8","inventoriesChangeC_realgdpcyclelag-7","inventoriesChangeC_realgdpcyclelag-6","inventoriesChangeC_realgdpcyclelag-5","inventoriesChangeC_realgdpcyclelag-4","inventoriesChangeC_realgdpcyclelag-3","inventoriesChangeC_realgdpcyclelag-2","inventoriesChangeC_realgdpcyclelag-1","inventoriesChangeC_realgdpcyclelag0","inventoriesChangeC_realgdpcyclelag1","inventoriesChangeC_realgdpcyclelag2","inventoriesChangeC_realgdpcyclelag3","inventoriesChangeC_realgdpcyclelag4","inventoriesChangeC_realgdpcyclelag5","inventoriesChangeC_realgdpcyclelag6","inventoriesChangeC_realgdpcyclelag7","inventoriesChangeC_realgdpcyclelag8","inventoriesChangeC_realgdpcyclelag9","inventoriesChangeC_realgdpcyclelag10","cInvSalesRatio_realgdpcyclelag-10","cInvSalesRatio_realgdpcyclelag-9","cInvSalesRatio_realgdpcyclelag-8","cInvSalesRatio_realgdpcyclelag-7","cInvSalesRatio_realgdpcyclelag-6","cInvSalesRatio_realgdpcyclelag-5","cInvSalesRatio_realgdpcyclelag-4","cInvSalesRatio_realgdpcyclelag-3","cInvSalesRatio_realgdpcyclelag-2","cInvSalesRatio_realgdpcyclelag-1","cInvSalesRatio_realgdpcyclelag0","cInvSalesRatio_realgdpcyclelag1","cInvSalesRatio_realgdpcyclelag2","cInvSalesRatio_realgdpcyclelag3","cInvSalesRatio_realgdpcyclelag4","cInvSalesRatio_realgdpcyclelag5","cInvSalesRatio_realgdpcyclelag6","cInvSalesRatio_realgdpcyclelag7","cInvSalesRatio_realgdpcyclelag8","cInvSalesRatio_realgdpcyclelag9","cInvSalesRatio_realgdpcyclelag10"
"1","Exp1Run1",-0.0262128904232641,0.0143411146207891,-0.0768481706873281,-0.104071161890007,-0.0763158163827141,-0.0726662244431936,-0.10817297409774,-0.121755176014163,-0.134129021870943,-0.0435157524118038,0.00761020168417117,0.221837892594968,0.143617519920664,0.135485048708223,0.196813650690133,0.129649297352871,0.136879004843938,0.0619715205765889,0.0562021023341914,0.0209542350335407,-0.080424717660669,-0.0662517344728582,-0.0717787411891095,-0.0617579845251167,-0.0910053216681975,-0.13608279273497,-0.140253742935186,-0.157371216235864,-0.188153444150261,-0.237460407734242,-0.296163951509425,-0.312375971226072,-0.263696891710433,-0.167033469425332,-0.0977067615807611,-0.034944436400389,0.0546299063729677,0.104860679333519,0.17089344980768,0.192586944131664,0.223023408320922,0.246710096377643
"2","Exp1Run2",-0.0630627079082294,-0.0486081588187205,-0.0997920991641983,-0.0265200351445829,0.0920564184967245,0.0597030107908878,0.139769179368884,-0.0956260794290313,-0.220804224480061,-0.247937332767123,-0.191255474649198,0.277786858543415,0.318060119621549,0.25946309628662,0.178494969549461,-0.0317317955652464,-0.0308467889061905,-0.113708123074674,-0.0461104869692982,0.0193748797352525,-0.0281621922857033,-0.00155166293113449,-0.021256225029132,-0.031948689050528,-0.0604761556366229,-0.0674477707430206,-0.0533240128059973,-0.0478285637103423,-0.0100380075366668,-0.0789804210833007,-0.194861973587139,-0.31858740098829,-0.35716928741964,-0.191305111667958,-0.0215181729498776,0.0834768533833675,0.15980334860072,0.179274017827417,0.187278927473706,0.16710586963765,0.152307046332952,0.154757536680848
"3","Exp1Run3",0.0458798891177193,0.000471880171102159,0.056201208702383,0.0397928669262867,0.060357704296557,0.0564840997104605,-0.0173345582685302,-0.0535659319634835,-0.16536884718455,-0.0964784438741869,-0.0558920507111427,0.150310142919499,0.152640160930445,0.120520600390692,0.061022004786084,0.0511886737244241,0.0267901481445188,-0.0100058886511192,-0.0399980185090171,-0.0658368117689826,-0.0385278916873006,-0.139343925386478,-0.10095751075308,-0.0967510185656064,-0.0615414880497543,-0.0350332614472761,-0.00904227029058649,0.0293721612665796,0.00329363860024541,-0.0343747133926906,-0.136824371576165,-0.184003290912767,-0.161864419035369,-0.0824781716646463,-0.00628150441429012,0.0608433112603488,0.0878724548195163,0.112676255695983,0.128447166148782,0.141300569738783,0.131744592318261,0.105602358074264
"4","Exp1Run4",0.0161142033918857,0.0043936116286579,-0.0523664188492079,-0.087847553086007,-0.124343016160963,-0.0205984764966517,-0.0331220499655173,-0.00977894281279789,-0.101459958220016,-0.076783624396141,-0.11883508524788,0.133853944458974,0.196103649974586,0.254970494591248,0.115938904982992,0.110615481505319,0.0474363334935169,0.0664945495367528,0.0106326164581727,0.0879856443635377,0.00827919578235073,0.0508902311535657,0.0428667016125634,0.0117828017016708,-0.0442390761481566,-0.109928053283595,-0.169996854652432,-0.177359327896817,-0.212926540593236,-0.256523464029987,-0.346054253321321,-0.387379954528632,-0.412342705747042,-0.316412832725004,-0.17797450851932,-0.00927897977401654,0.0624905678794959,0.136158964933175,0.187084993935604,0.256329656908038,0.298020293272165,0.353780332090243
"5","Exp1Run5",-0.0431185956866956,-0.0756217987913575,0.0583926760015583,-0.00322579610469422,0.0587936078383575,-0.0537608221923467,-0.126640859389499,-0.108032284621264,-0.139279046339788,-0.0549519512227461,-0.0948048183399208,0.229267227477571,0.0949072177382386,0.206592845242911,0.171258432063382,0.176335897923244,0.0575554572248612,-0.0168169571957322,-0.0478978893325688,-0.175672558878556,-0.0327358819500967,-0.00489160978018828,-0.0475544038559452,-0.0850800721496156,-0.0502617892517048,-0.0325101583745573,0.00467613396693639,-0.0190512285892704,-0.0821826554971359,-0.149296490523689,-0.225684524737275,-0.266533782015283,-0.284981200961205,-0.162193144098478,-0.101183736579769,0.00255239015471872,0.0981751731930425,0.191323088099012,0.232204062113895,0.223704098121416,0.194114678970452,0.0870573737322333
"6","Exp1Run6",0.0184420738244187,-0.0438678331479454,0.026722842310276,-0.0480552092449918,-0.0762941463745204,-0.038670798059651,-0.0877660195213678,-0.073865122613231,-0.134801671513514,-0.0302261213879106,-0.00107362344208485,0.146823665090515,0.144384366129658,0.146593742829151,0.13733723444514,0.094334015413207,0.0244619986749821,0.0200579601726945,-0.0162344006540752,-0.0451484477658735,-0.0154788298840745,0.0126292743738085,0.0114180123778451,-0.00195807506140329,0.0249249603184349,0.000596425399656442,-0.0363437528620875,-0.0503845877049713,-0.0898928222057027,-0.114359137845227,-0.184929482266526,-0.189372707982309,-0.147543129574326,-0.0804881473876646,-0.00654962199374445,0.0495081065264379,0.089548379640959,0.124322486430934,0.120151120228933,0.121869409655158,0.123511224119027,0.111271430042058
"7","Exp1Run7",-0.032601119961431,-0.0422450642168107,-0.110340086875065,-0.130594267427749,-0.167873381773423,-0.118501672422909,-0.104936472623084,-0.0369090930623574,-0.128100450137668,-0.0588101873009007,0.0453924843911846,0.237856905005007,0.198671709759932,0.162350980018134,0.152407366004352,0.108542127314118,0.16693415343236,0.0790083091179691,0.113317598980379,0.0574024232140765,-0.0368578601137413,0.0883031325872212,0.0881927300682305,0.0828958618941227,0.0266357981002429,-0.0322771746833259,-0.117360528083584,-0.1705642500485,-0.209218278552574,-0.236337733047497,-0.328232461952506,-0.367653045780676,-0.331749891729694,-0.212048029055093,-0.119300336184306,-0.0429798751912051,0.0265784037184059,0.0687987105539129,0.151781285157646,0.192264627986505,0.256339333980203,0.302972207037654
"8","Exp1Run8",0.0543299499487966,-0.071172377526472,-0.062745365766168,-0.0724237282478324,-0.0871624798584623,0.018030609428166,0.0518866368255654,-0.0735422454793062,-0.225752176258735,-0.11749381551003,-0.129140053409008,0.155073094026574,0.209903738627159,0.129189055371098,0.184249467850491,0.134840053870149,0.0188886833894643,0.0395038778219937,0.0635760384814205,-0.0425072980203381,-0.004776238120403,0.108261456447221,0.116273232501565,0.0547680511726622,0.0169345144229188,-0.0365377700985755,-0.100562459226848,-0.114631388749552,-0.0857116210956163,-0.138000586040585,-0.260358082603167,-0.312329280605081,-0.331953058885515,-0.228194120469253,-0.101666119544166,-0.0265152117696403,0.100598118335933,0.217104062902874,0.230212932776223,0.265099650552705,0.290445913564511,0.255328669544845
"9","Exp1Run9",-0.0268860397173655,0.0346586344284384,0.0335589971969699,-0.0357216759733043,-0.0337951205108218,-0.0317320862508717,-0.073131064918291,-0.048083205282215,-0.128505504744011,-0.105481640555165,-0.0352916069614109,0.152737558726198,0.116604338739722,0.115695893370236,0.0761661611202969,0.106869251102727,-0.00392642853752684,0.0208860760785242,0.0135629259610868,-0.0341287893264324,-0.0202591864672538,0.0370555474878154,0.0104549252949095,0.0488583240988898,0.089111890136298,0.0553040627299018,0.00854761144656943,-0.0344662668898629,-0.0792677342654349,-0.12686960811183,-0.235419678963431,-0.329123903709387,-0.298080486181869,-0.164523237433704,-0.0699889357181173,0.0279302005398744,0.0949538923816787,0.154995625033414,0.126696268077947,0.158438170432275,0.160144227482513,0.15298996170628
"10","Exp1Run10",-0.0176536655567976,-0.00601475139415762,-0.0398985415662558,-0.0260906460708658,-0.056478553420858,-0.000309121409653934,-0.0756875729090823,-0.0117571976063867,-0.0697080354736229,-0.0243057079460725,-0.0243475042069614,0.188213688598133,0.170027472940655,0.141987084120555,0.118022920430455,0.00060980589923839,0.0427361501931908,-0.0190267933319485,0.0113203083136805,-0.0130819627931166,-0.0449974586393987,-0.0348781168347081,-0.0517169933578434,-0.0412410055570986,-0.066365672729467,-0.092263933016239,-0.135443706137398,-0.163475271443068,-0.217436226338699,-0.252844232187949,-0.304828442371969,-0.329762237965991,-0.301231392360911,-0.173637085582038,-0.0521132645361416,0.0539410841198782,0.13847631134319,0.154002082291154,0.18167206904678,0.185196647014409,0.181324933402044,0.192914722522922
"11","Exp1Run11",-0.0186072951900559,-0.0106842209739329,0.0030496097460773,-0.0552902661413731,-0.064623079212645,-0.030209112077747,-0.00720917943568354,-0.0707355286124024,-0.110216502657885,-0.0783286787071864,0.00398880518279909,0.173200669865,0.180117114854219,0.0566664496731028,0.0683817030013323,0.0947968842750466,0.0947304659066907,0.0266948800833823,-0.0210259205798507,-0.0167079624721501,-0.0414738180862747,0.0557545512841934,0.064392445086532,0.0549169211240159,0.0381084859250345,-0.0269285713998324,-0.108281492201242,-0.144786430916746,-0.16573652585186,-0.223594379151257,-0.317670950103293,-0.359911684681919,-0.300943380828339,-0.161097585914972,-0.0414204703292616,-0.0169442431186439,0.0103178854283026,0.0707302151636465,0.145873784081173,0.181196318282185,0.197261196088218,0.207136156543323
"12","Exp1Run12",-0.13145571450339,-0.108406990873317,0.0768345090528787,0.136840580569569,0.106836975812558,0.101441109699004,0.0546928559706054,0.0130343808335937,-0.18785364032638,-0.164314218696397,-0.134687768463783,0.141733148064471,0.157744292938459,0.215113021240947,0.164876961900472,0.156998787619002,-0.0236651236838274,-0.0962401063951962,-0.184460092944754,-0.210272206744746,-0.102868217554326,-0.0872225922345034,-0.155594069662042,-0.225856234527651,-0.212334154610092,-0.164746911766343,-0.116750187475457,-0.0685367952453276,-0.0281281030243077,-0.0159974857486584,-0.0978392497095271,-0.149533528187225,-0.160029566096463,-0.0757263353927632,0.000996369229783151,0.078220211091823,0.157318821592626,0.227269229515008,0.221478817876744,0.176239092445371,0.0930793056694454,-0.0109575749205779
"13","Exp1Run13",-0.0790642802987238,-0.076709253259476,-0.0123952465457622,0.0189103312761804,0.0727558364757957,0.0593952304113674,-0.0249130566356129,-0.0304211584229818,-0.17636337431236,-0.0975623234845888,-0.0604678709631952,0.184851776962149,0.202599276820727,0.216009460189738,0.150452445135091,0.0688019177213661,-0.0026142416074273,-0.0615185597974052,-0.0628548191732074,-0.0322525508166388,-0.0125561837296385,-0.0298237261016703,-0.100474164726129,-0.161933138625288,-0.180869488094121,-0.17489188830682,-0.123929277076838,-0.0892666175357335,-0.114722971388025,-0.151085746653432,-0.260738728119004,-0.315923920353906,-0.304199130077326,-0.187805884752638,-0.0614068704981737,0.0562117853457156,0.167909542177224,0.225316377342573,0.245188277238413,0.211461555840812,0.181246761954324,0.165645776726291
"14","Exp1Run14",-0.0758086840363854,-0.0236972552257946,-0.0487531088475934,0.0221380434980933,-0.0658130193247027,-0.0567905926474803,-0.0936114795224902,-0.082056572196397,-0.186938485652161,-0.0443268250194739,-0.046326283329522,0.195559253594418,0.178444579632755,0.183226496784346,0.10342180717275,0.100678656387037,0.0513090803306244,0.0728725006782323,0.0291033586021318,-0.0168096046288886,-0.0790772892887896,0.080981303323144,0.0398361090990458,0.0309331729207276,0.00952347136977004,0.0284516405766761,0.00218272997981866,-0.0215203301864453,-0.0729782389285818,-0.126313181696174,-0.23293127794605,-0.259050867637363,-0.248039786660378,-0.130205656819148,-0.0317032536662556,0.0473977398622899,0.0763152320429509,0.113979266465896,0.144709710068699,0.193641199281285,0.22706693134387,0.233199831850428
"15","Exp1Run15",-0.0828268753311831,-0.0128684359720869,0.00144639844872451,0.0811275516105852,0.0364625756844971,0.0617826715599695,0.038835584619471,0.071302887041537,-0.0487276877843363,-0.00486356382195569,-0.037302866530332,0.0993433597398569,0.0745073618637577,0.0607221827894507,0.0583022205179783,0.0739852425106716,0.0057283789584029,-0.00963307654035091,-0.0783422543313447,-0.090267119644213,-0.0635694361154535,-0.109544511620284,-0.14662963636701,-0.15797772076552,-0.174105684653404,-0.151110237824724,-0.143413802714709,-0.128716716667299,-0.105127441203096,-0.0642313180026911,-0.0841947653977345,-0.0688314716016772,-0.0420822640385051,0.0173938230088648,0.0534807227667118,0.0652994619849124,0.0962890224230316,0.125796305685683,0.131556109420466,0.126973541225624,0.0977603803539725,0.0681524215843317
"16","Exp1Run16",0.068117138328855,-0.0339564155576615,-0.00326738320186463,-0.0871140067321993,0.0399084940677945,-0.0254753252271372,-0.0627168512138012,-0.104146401283118,-0.0797144807207922,-0.120278047823555,-0.014616899237626,0.126967302202764,0.116066769562677,0.117834513776261,0.102720515162219,0.0663983714844392,0.0953321742276661,0.00814317095518144,0.0359871832106476,0.00157251783439422,-0.0257306401252153,0.055568709092261,0.0852036736402574,0.0550688383081016,0.0727339854303386,0.00828126459508036,0.0274859718427249,0.00956451880962944,-0.0576482100862346,-0.152486103544123,-0.225588411739837,-0.32154694618341,-0.277035407597427,-0.192240220534328,-0.117863439696628,-0.037422853342738,0.058057214562848,0.130649416228864,0.206908452089778,0.228174944217976,0.261191297929872,0.250708189048544
"17","Exp1Run17",-0.11248136923286,-0.0197983628306403,-0.0635214509974317,0.0308482105957217,0.0852422736168554,0.0580786829583199,-0.0130739318829482,-0.0040486267240383,-0.132892131005465,-0.118901863264897,-0.104941434797742,0.134696937513463,0.147567730833132,0.170221377396399,0.175902221366724,0.116820576966994,0.0695683262907551,-0.000794540902304376,-0.0303201496702275,-0.0196686490687742,-0.026182307951878,-0.0838546049642634,-0.138988190917821,-0.148625534154614,-0.191119602878233,-0.18750020853153,-0.150673812130606,-0.114862526020733,-0.128837787800032,-0.132389645396244,-0.21241717990258,-0.295945043112635,-0.301016816520315,-0.238913415928941,-0.159379582578297,-0.0587523077121272,0.0379577723877177,0.10478068227957,0.162044941603199,0.183729825287345,0.202816212244042,0.222637697155189
"18","Exp1Run18",0.00141303720993794,-0.00416272400584386,0.0705398621777973,0.0550096580970568,0.12223392912971,0.0303371786256849,0.0872633676720663,-0.0205088165713673,-0.149673247332207,-0.185731549851433,-0.232922269373778,0.1229045614455,0.116627272293416,0.17429233947092,0.123412585512325,0.0731453649709022,0.0521936335843695,-0.0220673551249421,-0.1052658262745,-0.124636257830772,0.0219202530534152,-0.0613484951835055,-0.0380345644660076,-0.0443797567693552,-0.0243164432872662,-0.0108726136894263,0.0296651581941784,0.0310860561172473,0.0520456364401663,0.0304772477436557,-0.0539854990461252,-0.148932124645168,-0.212214323929592,-0.164900685145516,-0.120835519370234,-0.0348433675404129,0.0240517093191808,0.0540560512996338,0.0984867222142929,0.118236694384307,0.0954791799681553,0.05273865913465
"19","Exp1Run19",-0.0475115103283021,-0.0392693726099038,0.0119479008836392,-0.0433704432883746,-0.060256517418593,-0.0426845699640341,-0.0488831445380834,-0.109078338040353,-0.103820083007503,-0.142380013639369,-0.0312731760283612,0.168661037784842,0.23469763994982,0.184003968337421,0.120825095775464,0.0678528861605915,0.0307869364969106,0.0654729817199675,0.0556626085773453,-0.0271959570065277,0.0343336832824142,-0.0203469754123824,-0.0538641641361326,-0.0718619264120725,-0.0638862424826641,-0.0855620112749887,-0.117575784917198,-0.143511899826536,-0.172227446384061,-0.252726275151889,-0.317565358554437,-0.405623762558528,-0.370363728971579,-0.269135158998317,-0.140504256739731,-0.0558935036067381,-0.00233155390487444,0.0381776154089082,0.0741295160992401,0.128145153846328,0.157699892080371,0.162405222940957
"20","Exp1Run20",0.0328268938934239,-0.109084853721761,-0.120054663095876,-0.139428824521182,-0.116247813649805,-0.0789946508209575,-0.074105669844553,-0.0552516603411608,-0.0598005669662556,-0.0545325078314666,-0.0228181587732727,0.253104138942862,0.151064185286849,0.17893342293177,0.117057222878304,0.132785286397009,0.0505615785298159,0.00562428774896215,0.0291132397597819,0.00131668328473171,0.0116274976372825,0.170773209836161,0.194827428172738,0.1299161069851,0.0562161710068412,-0.0174134710471838,-0.0985072466425588,-0.154032789835619,-0.2116250199381,-0.275434652526063,-0.301644908775529,-0.353894223202169,-0.311767441760924,-0.13480351415896,-0.0196298368257371,0.0696266253706756,0.142476181438953,0.200619725613791,0.222178669300568,0.219308088974805,0.227318455924011,0.235538189214452
"21","Exp1Run21",-0.0474192159495045,-0.0697699826942702,-0.039340943340785,-0.0503760331777018,-0.0185324719804663,-0.0564585403865403,-0.0618714783583227,-0.0688896872745187,-0.0897051775807202,-0.061895319317752,-0.0733097004344097,0.142386569626906,0.102387362401552,0.138662878766296,0.129384853487295,0.124166631832207,0.0903727231933882,0.0677003717388002,0.0164015487544897,-0.00018489052372529,0.00959107120922446,-0.0051659674139004,-0.0361832680426445,-0.0577095047403435,-0.0619951122499712,-0.0747397483542197,-0.0623967400347221,-0.0847414870367645,-0.103750478019682,-0.145895661767947,-0.202877210605891,-0.266466069318638,-0.292765060429361,-0.224962116830751,-0.184980757796932,-0.106545398411995,-0.0407941123695484,0.0208254262879436,0.0643780558166203,0.100457953715892,0.105661835143222,0.11092775224629
"22","Exp1Run22",-0.0437372554315505,-0.00222783009021611,-0.135162610360497,-0.179887511894796,-0.14310506840008,-0.108983205797906,-0.0271564688597298,-0.02884842527298,-0.104144033605592,-0.0357504238044853,-0.0512106792464742,0.25612108768238,0.167425218672162,0.154815767232324,0.158739161687405,0.103381067017662,0.0442506748761976,0.0101262940214506,0.0639802296287542,0.080877149310345,-0.0294240156764736,0.102214621357971,0.106662151657915,0.122986157256198,0.0778875006340792,-0.00273862647385229,-0.0775930769887564,-0.129826480522898,-0.14394197090118,-0.174420422858661,-0.242137980301811,-0.28174365644042,-0.280896568926346,-0.151629809720161,-0.066225727566559,0.00169609266293902,0.0626176725061783,0.100912209090877,0.115282487402168,0.125548975771113,0.168215291746854,0.214685528162429
"23","Exp1Run23",-0.0323961578425472,-0.0723935463158505,0.0177647047818075,-0.00100394357093349,-0.0125010142015623,-0.0478808789095889,-0.0588942763859259,-0.0168225687591683,-0.0590855683933023,-0.112163366974387,-0.109604942695047,0.159394194631514,0.206478956784587,0.112759270219511,0.102043118491641,0.205006395556729,0.130412352937361,-0.0148336311185822,-0.0219298896926865,-0.024778547320631,-0.0712034220797258,-0.0148996228753085,-0.0427714638924109,-0.0737836590352369,-0.0511798133046341,-0.0502388045659944,-0.0569882015987515,-0.087939954673873,-0.122892240287575,-0.138518211736534,-0.205254211229639,-0.281876051618744,-0.301097343073873,-0.22099680537617,-0.120748279223433,-0.0407140500833854,0.0351110547898051,0.131618217187477,0.209358884517391,0.225447433426905,0.210375237191304,0.18975946329124
"24","Exp1Run24",-0.110603701690569,-0.11317293461113,-0.0478129180665423,-0.00835549288308617,0.0817992983400175,-0.0136525111481921,-0.075139267066248,-0.0939603503680006,-0.151389552300448,-0.102233585641712,-0.0511914157509175,0.147293317778227,0.131220943260994,0.200222759655424,0.204310468675902,0.20940431058312,0.152600510341103,0.0047030216725004,-0.0431068962867391,-0.0796734100086834,-0.0941540192757907,0.0580135424369863,-0.00138767190006638,-0.0787420024627465,-0.120906920988502,-0.137206955815946,-0.113509032901253,-0.131143482207201,-0.181250707932457,-0.234475738507159,-0.308525744528958,-0.340734371099309,-0.32685561651779,-0.254725685662382,-0.202341048043578,-0.10224967988986,-0.000889538576388018,0.103636926794455,0.186489954869458,0.211250039510279,0.224656530114129,0.21589094843195
"25","Exp1Run25",-0.0437066763134502,-0.11853367624824,-0.0556811185943895,-0.0822777470616929,-0.136403886980215,-0.129081127542975,-0.111191359869585,-0.0400006274582104,-0.105145252910966,0.00342758666209467,-0.00457067168745214,0.144127797982499,0.14949027251007,0.149994823268699,0.153611994003586,0.130175913445443,0.182918530221438,0.123992523569686,0.0516596169825001,-0.0575678727572845,-0.0956951238459177,0.190365784836555,0.169624490882977,0.0961980710060207,0.0607337721363501,0.0169728158029251,-0.0643492994294896,-0.130469435819678,-0.192023402781024,-0.213628313044817,-0.287532930156865,-0.290584993165975,-0.277037723690606,-0.203694160540048,-0.128849188641013,-0.0574595739744406,0.032765718762733,0.110159076560034,0.227527452691618,0.309968481797712,0.346676963102692,0.325397856216318
"26","Exp1Run26",-0.0479036211207964,-0.0127244077065611,-0.0392947182010581,0.0175490532449489,-0.0426252925441496,-0.0618784915353401,-0.10341049044859,-0.0519866366783364,-0.164146502782575,-0.0822089142319306,-0.175089807710675,0.147954072271783,0.0962080315984497,0.147953798585035,0.0907334875869064,0.055042344327967,0.0567961211981033,0.0729449059263886,0.0229169050595459,0.100841585099169,0.00889180779821015,0.150662861159171,0.132017762180575,0.103367459700313,0.0827407974293416,0.0752898601370179,0.0488261707664182,-0.00196048402741552,-0.0763863631531645,-0.12785848079656,-0.245720546038526,-0.317963252021335,-0.397286090964776,-0.29972747591333,-0.226607318663328,-0.1423154121345,-0.0733746442089613,-0.0486357966880628,-0.00158927324652761,0.0397331760920419,0.0757923093281428,0.150884291029673
"27","Exp1Run27",0.049940929645995,0.0192976593200565,-0.00857653599369823,-0.0247714298143841,0.00196081899428805,-0.00581334851840495,0.0200384487221631,0.0312753232652373,-0.077010860913994,-0.0817680365274733,-0.0570009655289656,0.137282371985079,0.0785652562649719,0.0905057492777378,0.0969329645929276,0.0722961691407373,0.0391638708880798,-0.0593452454546716,-0.0458719872041557,-0.04155401260557,0.00879794534909235,-0.118530050520782,-0.084897338514429,-0.0526094802355655,-0.0519733163309376,-0.0811381257321844,-0.0857296748000898,-0.115469616003445,-0.121963807588889,-0.104644664598324,-0.198591577152502,-0.25791778345403,-0.245030549472332,-0.109098140914293,-0.0553509679618231,-0.0128219534482646,0.0524630509259941,0.123106556030513,0.167652072440104,0.12563395809487,0.064033156836605,0.0424774360933861
"28","Exp1Run28",-0.0381844229322106,-0.0150396875944256,-0.0663203339011795,-0.112135488210145,-0.0820911930533066,-0.0276307333091788,0.0107201039895877,-0.0801708149727097,-0.0861953908867672,-0.0215394728072629,0.00541462833396807,0.199291444930367,0.19369964065529,0.0852153644168871,0.0927980523096902,0.0851089437156873,0.138054456414323,0.0936705775037209,0.0102230780969393,-0.0246449768588199,-0.0708170563648306,0.0162885084120277,0.00186215069906551,0.00400417909898914,-0.0304655960353174,-0.0999699152457973,-0.157188795566481,-0.149872203896361,-0.119832554062445,-0.169730142068309,-0.246873068393324,-0.286301978976052,-0.246141175735906,-0.111073654266415,0.0194339386409602,0.0561959664996692,0.0834311783501774,0.134892455004187,0.222623967417186,0.287048642875116,0.293164948666346,0.295706751836235
"29","Exp1Run29",-0.027335153119796,0.0979610064959925,0.0952945324168649,0.0576251177945157,0.00187343721111067,-0.0501059305038136,-0.0957680793758325,-0.0942585212277004,-0.163123036558651,-0.0628582400395973,-0.0184841277296107,0.150881685588142,0.164511792833918,0.142117342606982,0.0933630364970801,0.0696990715445254,-0.00144048764070924,0.00413904670126287,-0.0594079057170792,-0.066186615127415,-0.086075117092337,-0.0929633674399743,-0.0980519024543963,-0.0291663903739111,0.0326397243866515,0.0759311367686508,0.066059298837743,0.0260463119151194,-0.0523215321408056,-0.132349591723566,-0.246426062409904,-0.281524293778424,-0.251882913702283,-0.141663836929954,-0.0379979848381704,0.0464142308366922,0.103804507733422,0.145751364236927,0.140695680929346,0.137263175719637,0.104039440095176,0.0716672329872425
"30","Exp1Run30",0.0455782276831943,-0.0673454778855061,-0.0991145758399825,-0.129793289338047,-0.139028004495048,-0.144283640408744,-0.118933713306788,-0.115046010126315,-0.108366693818687,-0.0622244563623037,-0.0196439151454162,0.137964887149067,0.170295298740629,0.183042915684641,0.172828763763345,0.125865548456671,0.0640474026386943,0.0287049392771955,0.0312493426881793,0.0516316780688599,0.0628424252481337,0.172666862677696,0.207616782671728,0.179917533692391,0.151788225310033,0.0852313784721409,0.0101345637218657,-0.0683683684156133,-0.123818727523695,-0.198348394237111,-0.288414476772719,-0.343386292992363,-0.337364311956174,-0.262619014452479,-0.161946894046074,-0.0601121475384519,0.0299926766564656,0.079835797960648,0.0825878946710126,0.073773075741406,0.0996257995695141,0.153272235745823
"31","Exp1Run31",-0.109002043962424,-0.175909485747841,-0.107836893864061,-0.0647418312073833,0.0265624351736038,0.0276092304948151,0.0123291892021173,-0.0651334053716409,-0.108040018395968,-0.0303397239639088,-0.0697993540725629,0.209804250121766,0.205123270761205,0.0993777161117416,0.112984411073231,0.0746608647812806,0.0599417346545335,0.0159454909136469,0.109708984532071,-0.0185372228851124,-0.0177573300692956,0.119742427921945,0.0318013118761027,-0.0782310494831459,-0.15087428085096,-0.175810450302042,-0.148506030928639,-0.118111834920052,-0.0938961455362267,-0.135304560814251,-0.225246086119264,-0.268789522038309,-0.276135439976467,-0.165479497096267,-0.0520974826028271,0.00804234220159371,0.0704661659740937,0.0992201848692106,0.134197388326567,0.166096008604713,0.233105608063626,0.226944260947547
"32","Exp1Run32",-0.0442532825970749,-0.112610045519323,-0.0942391049721584,-0.137749443132894,-0.108008423646587,-0.0541069081762244,-0.0728574214666071,-0.101942497819402,-0.0503996906071241,0.0134462015076957,0.00156675670296129,0.239807128508674,0.193349549804798,0.171194036878489,0.0789199309671418,0.101627745266604,0.0429792802647012,-0.0269714333297457,0.0146673132066144,-0.032067544640975,-0.0482592735876524,0.155161779142372,0.124149730643588,0.0535352610457289,0.00482230803519037,-0.0658857300374696,-0.115582396882785,-0.147769524885053,-0.18502694879643,-0.24763400853025,-0.288251253856767,-0.287992244093542,-0.237276216786163,-0.108186475991794,0.00406905189861701,0.101475581788793,0.145924032929485,0.185969295874523,0.193771703952109,0.147039156586213,0.13726443578806,0.114561816953644
"33","Exp1Run33",-0.00167636945054887,-0.0434073414285405,-0.086784359631184,-0.121124530821164,-0.186609338322852,-0.161163582447412,-0.17917714398041,-0.143808464945372,-0.178070013257309,-0.102375700439908,-0.013303484720658,0.241056702224987,0.23971109410916,0.307753635051668,0.18657676117643,0.174261097270244,0.117876368366693,0.104682655231994,0.0251879806513483,-0.04948881560333,-0.0591180734529198,0.138318569009211,0.128032999607603,0.12604804984423,0.134997829981692,0.11525165894963,0.0556171383146532,-0.0217479478851852,-0.120402228728157,-0.213710568918005,-0.32050357848077,-0.381147100624388,-0.35383760913009,-0.228821924318349,-0.0828878806543522,0.0713499167651974,0.153713892893169,0.208260142595848,0.243412330209595,0.27147106813739,0.268842694694013,0.213108977609838
"34","Exp1Run34",-0.0436564190979537,-0.0268823333180588,-0.0407550691825759,-0.072352750321105,-0.0550940881544717,0.0409613426660898,-0.0116370191389252,0.0291115660375368,-0.148318734439266,-0.12854880616951,-0.0728281058284926,0.218071684293568,0.177453099692063,0.22368859329334,0.0924818965045421,0.0846956327374198,0.0141885567825758,0.000512293484820774,-0.0648127135502197,-0.0378866052244068,-0.0465590181800165,0.0477907261615363,0.0237493680014703,0.00309673765081084,-0.0437813554271306,-0.105477085512009,-0.145453633320363,-0.132110378967285,-0.145248959594695,-0.139110600789845,-0.244336529588602,-0.324390220029318,-0.318324949719313,-0.190940648687193,-0.0840420980100753,0.0495188390021431,0.121633696089446,0.181388841477857,0.190801518233204,0.196273647353811,0.156059402325049,0.159397685113845
"35","Exp1Run35",-0.0774043789980174,-0.116602054577374,-0.0331168117390761,-0.00320143337879333,0.05749525763518,0.0121962408439275,-0.0469720070458286,-0.109799358216433,-0.141272268781461,0.00824316593406546,0.00599053212516262,0.184829505481155,0.159712267495979,0.124311685095537,0.0704851977311811,0.0663815784233262,0.0142381761620292,-0.00124209866395632,-0.0466977305414372,-0.0815408468073805,-0.0980813645214012,0.13704904589517,0.0820894236705142,-0.000844397158537062,-0.0542653198869747,-0.0777199861465939,-0.0642411611180614,-0.0712254740235795,-0.117335637526563,-0.195273280560719,-0.270418784055066,-0.241578331034812,-0.167413276553912,-0.0501830332704463,0.0552547394425828,0.117490002235569,0.125310766369315,0.162202930642441,0.169011442393976,0.188756820081687,0.192586774573295,0.169543132621611
"36","Exp1Run36",-0.10759055318317,-0.0916482904071633,-0.0882080854040561,-0.164851168048483,-0.200418269292843,-0.16610698199172,-0.0504956394446718,0.00379886225241335,-0.0571645204923323,-0.0241870074857301,0.0270266028027214,0.282490808440421,0.293468111974327,0.248286471943397,0.192953978002184,0.132189668471063,0.144615606999594,0.113315166901133,0.0269671596815289,0.00225444731664437,-0.114791147374462,0.0140693254119229,-0.048696358704005,-0.109313838383373,-0.14445899256152,-0.195822839484049,-0.286488749247984,-0.3575646213166,-0.370239733712814,-0.364977186997994,-0.407754220494843,-0.429461460369279,-0.372281702820686,-0.209282889328457,-0.0486879874008075,0.0858449558659032,0.201670707316509,0.269619574305969,0.32568012121851,0.358659737241277,0.36850358657798,0.398957974833406
"37","Exp1Run37",-0.0792121751902078,0.0658021952289103,0.0961922329104202,0.0807014876176278,0.0319403645736669,0.075824822683387,-0.0627587048023107,-0.0506102771371915,-0.230589649159156,-0.0962224920272864,-0.0732986171715814,0.125538599671027,0.107797874387736,0.198758618420549,0.117389813390221,0.109026059493917,0.0140688809818419,-0.0717720579296416,-0.123529947341486,-0.107634713025408,-0.083590244910081,-0.0646519764386748,-0.115372639018065,-0.0706688415282435,-0.00639614685708603,0.00954405222658638,0.00884304763599222,0.0251755327271202,-0.0238616941562324,-0.0690835253761287,-0.228970953720866,-0.303652050640485,-0.266156325137062,-0.181776504450867,-0.0992602953084754,0.0278375710403045,0.0941653005788479,0.191897746567939,0.209866761177337,0.172267701463469,0.0863095183341824,0.0393323351423359
"38","Exp1Run38",-0.0721471646562937,-0.0306387266666636,-0.1153103982321,-0.097638065186278,-0.117720562779365,-0.0762063061018397,-0.130929418255957,-0.147291199772337,-0.200037535912648,-0.0786926618332381,0.0385789896769322,0.329213071573864,0.197366699174884,0.258609160814193,0.227771214860816,0.173569666541855,0.0932084524210137,0.0349014937084647,-0.0939811560308564,-0.111618282712658,-0.0838132184885739,0.115483458396497,0.107101275812931,0.102659721150735,0.0626741994633309,0.012966445505933,-0.0467552121255517,-0.0663463109513242,-0.138977609499731,-0.245899677155072,-0.392808281208991,-0.456664159089017,-0.399519518897969,-0.210933572786667,-0.0956793211773278,0.035312658321298,0.16013507205613,0.23733988567151,0.259898883376253,0.26240547400473,0.20602754734606,0.164294830556592
"39","Exp1Run39",-0.0276856833850983,-0.0775707726383761,-0.0252855441579563,0.0200446288020156,0.0165704838075188,-0.0158318863933967,0.00884859106497183,-0.02674689416692,-0.156766184939269,-0.0682935096853076,-0.0213919862827502,0.222238680460001,0.196841922003969,0.215741857405359,0.160376026338905,0.110882100025779,-0.00541847502275809,-0.0257738252000233,0.0278962703587292,-0.0194248287768447,-0.000779268563049168,-0.128273418139885,-0.157854708859083,-0.198844055530251,-0.228487326175709,-0.219389236860685,-0.220069952861812,-0.226389152079858,-0.20231696780221,-0.19166455906128,-0.276017634433708,-0.308598050645812,-0.25980941508944,-0.136068926889156,-0.0255767517819311,0.0794066186084007,0.138713803024128,0.193211852203553,0.183550550326948,0.179196819704432,0.227320932431777,0.241202560547247
"40","Exp1Run40",-0.00380516720841815,-0.0428596942510701,0.00574299697443403,-0.0155169147037772,-0.0396152577776729,0.0176271282568426,0.00278264398963612,-0.0451399631589669,-0.140549200464963,-0.0887629100907798,-0.142829060655579,0.146727014219298,0.208667072297651,0.203377853442914,0.134734577403314,0.0897293502723293,0.0778005792001208,-0.0285328189220409,-0.0573265303526033,-0.0712388044565153,-0.107743072352171,-0.0242213748896258,-0.0261778092173817,-0.0429136920525349,-0.0433972988581451,-0.0585000628279741,-0.0931722099050936,-0.0960032961030099,-0.124610732845844,-0.176154141375324,-0.273955851775685,-0.328450494381428,-0.326965608765021,-0.206472546445201,-0.0693169618001264,0.0449193528386359,0.115027306007112,0.174643784169946,0.2041266207184,0.197424346348518,0.176916676236907,0.148313554233462
"41","Exp1Run41",0.0179071420720823,-0.0126157363701557,-0.0173756713941731,-0.0584859952275328,-0.0366469881168614,-0.0406271323027732,-0.0775463399928746,0.047381575889513,-0.0241886782443912,-0.0164563169666015,-0.0779822162297008,0.198224651385621,0.0228750096429584,0.0205455793056716,0.0380106216482939,0.021931793239617,0.0719920786527989,-0.045351036127797,0.0382562899375613,-0.0241533419888602,0.00457981229772537,0.0811064577737521,0.0844374230289803,0.0722851279458979,0.0356774189722448,-0.0128649791156869,-0.0601164076445597,-0.119772559438885,-0.179463126732894,-0.158068020328437,-0.158507282388572,-0.189556211697459,-0.193905411800962,-0.0654059661371687,-0.0369457391609276,-0.0240665888988308,0.00960065833034288,0.0463838202709715,0.10961709347598,0.0939956550660516,0.108462039639556,0.108263512792775
"42","Exp1Run42",-0.0387902450003138,0.0247190396534786,-0.0984661481903138,-0.0848876941819861,-0.144018161243298,-0.00874654061813241,-0.0452464975342321,-0.0195519735484932,-0.0322303010530802,-0.0569702598724061,0.0222020448482704,0.139289464657333,0.194022662910319,0.0972831859928936,0.0584008477559124,-0.00539212995142829,0.0235768847130851,0.077367333651775,0.0500999835118697,0.112461210229903,-0.0386628067656327,0.0302314063122267,-0.00318500766003753,0.0207473455676305,-0.0302715376767861,-0.0584039537053435,-0.149943860127163,-0.172960791737921,-0.216336212386728,-0.228841836676763,-0.238193481674665,-0.26088181165735,-0.186563341782223,-0.106914094270082,0.010227797758183,0.0509622954282589,0.0820888649150499,0.068971526813816,0.0964573063356102,0.147769984094969,0.177577844558306,0.245822837894438
"43","Exp1Run43",0.011844754732738,0.064933490402543,-0.0351718600541313,0.00696967269225384,-0.0277661581110006,-0.00588624170715106,-0.00537506501633506,-0.121828926852975,-0.200448899270575,-0.119388791053762,-0.0253922940647185,0.135347343141884,0.144273895853427,0.176679433173096,0.0821509900057992,0.0895443110817723,0.0507838828827605,-0.0162664019218826,-0.123174565050811,-0.103623459580163,-0.0583067856272593,0.0410647893685851,0.0729959690444549,0.139847505439868,0.110219716611068,0.0935874152057063,0.0503872995617513,0.0234203883147714,0.00381684911924635,-0.0775295793136336,-0.211139735677551,-0.265987648198001,-0.230988372817038,-0.135847828241384,-0.056127984969442,0.0271847228202961,0.0422185986428452,0.0994073576414626,0.142366972902669,0.152303136331696,0.0896678791527876,0.0264892459435224
"44","Exp1Run44",-0.116296536918914,-0.106699554963535,-0.111428092909559,0.0103335333465644,-0.099719230834613,-0.0179369306790558,-0.0277770908310408,-0.0536959897943757,-0.136695512460841,0.015130437926354,-0.0626734411842868,0.260054451784145,0.18750398083747,0.161653569324606,0.154076988159485,0.150609926811599,0.0343622932666097,0.0863260424295741,-0.050618971352285,-0.0271152969175792,-0.110123163363998,0.0634643923757128,-0.00307469657620509,-0.0708909129695239,-0.124854628982678,-0.124320492051322,-0.154845833255109,-0.160040488551571,-0.166230155399891,-0.195582863198177,-0.290707049668635,-0.303733724612249,-0.301194968739492,-0.14798428783925,-0.0395861040012609,0.0455549855571259,0.124007204601322,0.1943942431255,0.218485885838271,0.25765127714467,0.238491945253035,0.219652684414449
"45","Exp1Run45",-0.092607067937729,-0.0688961678052697,-0.00346514976427734,0.0200194429595058,0.0465845299955342,-0.00848069948615434,-0.0461189514474219,-0.0755175393901053,-0.14470422683886,-0.0876030801886008,-0.0620068976064342,0.115825847347068,0.188838692078576,0.197309100143122,0.132237887719543,0.0856997691515986,0.0612678333792661,0.00255331035268819,0.0489072847920581,-0.0378856722992905,-0.0300556965239274,-0.0113800683267826,-0.0701195728822365,-0.0972083343968353,-0.089576934622344,-0.0716491696770632,-0.0367005703430772,-0.0316309062419109,-0.0573080250214399,-0.0912886581129261,-0.18241247411471,-0.235111847318236,-0.225259967247625,-0.172536089615735,-0.0836252350996425,0.00922032026460395,0.0588499346238956,0.0928309661941744,0.111159795399806,0.111273464176143,0.157108780186093,0.164615996946701
"46","Exp1Run46",-0.0190139657176725,0.0198785576321298,-0.0218303513606765,-0.0649351251651503,-0.0138415146166511,-0.0166419280363537,-0.0182911949632128,-0.0281514525985006,-0.0759678717814927,0.0318597825296101,-0.0876895588064324,0.238694600988985,0.115884553004749,0.157803280089571,0.0622671432898486,-0.00155885398296192,0.00669880709735712,-0.0321377633818957,0.0149179083136346,-0.0473812433327452,-0.0333334483896403,-0.007020296394364,-0.0134846879750096,-0.01842287398122,-0.0303391254469805,-0.0865195229700895,-0.0970211677895237,-0.115419281617901,-0.131545846140905,-0.171071284254078,-0.22162443657063,-0.229732836283361,-0.235109203950817,-0.0907214077713196,0.0144358769761427,0.119289250157545,0.164292854353956,0.180063584599589,0.174491899255331,0.157002695768598,0.162979598851309,0.13026839805201
"47","Exp1Run47",-0.125686324428249,-0.0895636124018225,-0.0837148703084158,-0.019516753412544,0.00152215258093919,-0.0649600860586444,-0.0262858910431266,-0.112703510501625,-0.0836287967697661,-0.0534476721449458,-0.0511519736020528,0.207498010507273,0.143208673329682,0.133096156191382,0.0921030080263925,0.0148523236841131,0.0853558142477859,0.0587338063413164,0.104293938428341,0.0427739813726555,0.00993572068277185,0.123478783835902,0.0368093556980723,-0.0331777502784665,-0.0831192547278826,-0.0835349690619873,-0.0750181591160399,-0.116994514207687,-0.155096717317247,-0.251287875191578,-0.320508022390751,-0.371726630143224,-0.357647269927699,-0.248543500088368,-0.144480669842743,-0.0792588759320364,-0.0205967456109882,0.000678620076731974,0.0599143103326215,0.115148989940177,0.195853677692951,0.260837036957094
"48","Exp1Run48",0.0687481237743527,-0.00348028108574703,-0.100423675590285,-0.00175497507276227,-0.00434395761611158,-0.0371842880478689,-0.0594456144351945,0.00794096204297423,-0.0952410653443898,0.0181930913824959,-0.0902415148627454,0.246406730005686,0.103164223671668,0.0557208867023895,0.0368679333887433,0.0238299180973598,-0.000448343062839426,-0.0413415767285213,-0.0440075368276168,0.0150846039009972,0.0266842890199723,-0.023725052051124,0.0521557917161663,0.0517735284081499,-0.00411658483818575,-0.00617838633687391,0.000457983289481745,-0.0485887204219885,-0.0954933056404924,-0.112833385308083,-0.198926267917534,-0.203492390796044,-0.213986683286093,-0.0395213848593379,0.0453921636589476,0.0720334975785907,0.10019096720995,0.128318693997394,0.135793745824053,0.108883662772059,0.0768606065782535,0.0836172522242302
"49","Exp1Run49",-0.0836480653617525,0.00633492543882694,0.05882457177831,0.112065070269609,0.0230099730040408,-0.029611635898932,0.00064199571239601,-0.132151808763744,-0.0869510386228931,-0.0716278502750941,-0.0189081651770615,0.142554931347273,0.10475420289646,0.206407033485599,0.116774996747284,0.0905313987569557,0.0640882206461566,-0.00385428030773893,-0.0370495812908773,-0.0945491505504313,-0.0464462676099706,-0.164485020040123,-0.226144744376856,-0.208360480513795,-0.170624341283947,-0.0906542862973598,-0.0881742751423598,-0.11280783269139,-0.118972298235239,-0.21764720549126,-0.295766470204678,-0.352463379837184,-0.326930612643931,-0.212346468160835,-0.142022754246773,0.0141570393703601,0.109768514612628,0.180803354569225,0.242998645746441,0.253872335016623,0.239613944242633,0.180624311208198
"50","Exp1Run50",-0.103283169672282,-0.0770896938716946,-0.0489099483579647,-0.0275750265858121,-0.0499606226720747,-0.103547507598883,-0.0587314337029414,-0.119999110042041,-0.161842869620901,-0.134676514690455,-0.0443815369502857,0.186779318336281,0.275734819634619,0.261455625617407,0.276728214031582,0.264147185731216,0.121868597641076,0.0637018838557711,-0.0544737308644049,-0.161762397939595,-0.120771145108699,0.0443172422401612,0.000155137260785038,-0.033425403795223,-0.048111816193072,-0.0481866184326747,-0.0671203723398693,-0.113454353944547,-0.135602420116175,-0.199351148693765,-0.303995484032092,-0.380676260434956,-0.384358839061349,-0.298110994678372,-0.154495533594426,-0.0297348391113986,0.116811176217634,0.27400478844592,0.332774274016854,0.359884560017964,0.343560192875496,0.264415108370409
"51","Exp1Run51",-0.00183718276338085,-0.11996309411692,0.0151495106222615,-0.174469830076121,-0.0467561134274973,-0.153570622579972,-0.0303985032312548,-0.0592281768347758,-0.161086298605231,-0.0234099798121539,-0.0910894544073057,0.279437061727986,0.14442179223242,0.183762022436457,0.0800251767959103,0.0959913820863915,0.153212933684301,0.103134432084345,0.105440584644788,-0.0646426921106212,-0.00172083514741793,0.0853339993666857,0.0903582367152626,0.0333385717490986,0.036951567131435,-0.0568343014392961,-0.0653617179877403,-0.142056319810797,-0.143787327765409,-0.191154954234832,-0.32172484153579,-0.355960617250964,-0.36274848094065,-0.191875183153381,-0.108631235407356,-0.0199251033200088,0.0216938496976236,0.0752737768009728,0.172623626725146,0.234140872188685,0.292065454430643,0.276285561246746
"52","Exp1Run52",-0.0357307242747046,-0.097255049743855,-0.0564277996473955,-0.0571171085085677,-0.0218177228868771,-0.13067006211949,-0.0828226277409526,-0.120341789207771,-0.212428356087984,-0.0153349303243934,-0.0615468894035315,0.231871218317056,0.192960501809156,0.222852775510979,0.188243889648617,0.0754805137701746,0.105508310274749,0.0628004807106666,0.0696837626683359,-0.0606463957424352,-0.0705810762769827,0.0810776056152369,0.0399838770428697,0.00180053991694812,-0.0184204362988044,-0.00796910005319902,-0.00347840224946468,-0.077282475075014,-0.133533162400144,-0.220304376706898,-0.359112470625074,-0.390965326925713,-0.382101995610991,-0.251798912572294,-0.135278542171272,-0.00758914291331758,0.11011775665727,0.149521615129375,0.202798122797109,0.261732368894434,0.288885571189966,0.254525841119789
"53","Exp1Run53",-0.0428988807547675,-0.0461911457778438,0.000102466808344175,-0.00533889505228513,0.0124999153663326,0.00172050823296518,-0.0855435203382636,-0.0760448411247992,-0.15339471792677,-0.0408643203894566,-0.0425767696592659,0.169250633844652,0.133385638521548,0.178418771650604,0.0735362736068945,0.0780499203567068,0.0351575188994052,0.0561960241336074,0.0447117986460033,-0.0244761557421073,-0.0145536117358271,-0.0301727109100514,-0.0647016676041702,-0.0800532559465702,-0.0684388068176346,-0.058000050993359,-0.0279052290649127,-0.0152428117521672,-0.0629730805039075,-0.132934009515773,-0.244356199981668,-0.301812935464138,-0.286278114767871,-0.177384350183995,-0.0803324968807941,0.034903927885833,0.0793838697074929,0.108704741398869,0.129323742999051,0.15954989006216,0.189584237414028,0.179737806061944
"54","Exp1Run54",0.00731083620107104,-0.00865706547910532,-0.0332457086831583,-0.158443083301965,-0.0387990221621501,-0.00596032870391305,-0.0135045547546871,-0.0441339128062518,-0.0860622347486135,0.0438644946313018,-0.0408522399940791,0.197748442577202,0.0973206474591103,0.156097167112228,0.0678528279006928,0.056266709048073,-0.0415992493388516,-0.00278281351495275,-0.101767744916832,-0.0283257562371693,-0.0767326148531124,0.0654342042615239,0.070870134390268,0.068706593158533,0.0501943312709099,-0.0538059834232058,-0.100609719362541,-0.111230196048139,-0.129514853168853,-0.172047184555736,-0.212101802077707,-0.183167164321476,-0.145759977653644,-0.0480057328851629,0.0140345518083339,0.0763343171246982,0.130550979163634,0.159096896221039,0.156644705073347,0.151762476146058,0.100218285010496,0.0747490183837023
"55","Exp1Run55",-0.0898816177190064,-0.0771926859686487,-0.115611238644698,-0.0845795818680692,-0.141532497142195,-0.0459526425244638,-0.0985784398049344,0.0765964237589433,-1.492174656475e-05,0.0999135262511854,0.0470292642435679,0.224050817000926,0.185867200021747,0.11935095907838,0.0889513306494704,0.0608460220852511,0.0651414624666375,0.0546855575133402,-0.0468126472706025,-0.0729792765720073,-0.132378581015515,0.0540129001012633,0.00777447010214499,-0.0520714939975755,-0.12438355594964,-0.182829600837869,-0.261531457985971,-0.305404730724442,-0.370957250210644,-0.347849856609629,-0.338669452442449,-0.270093451089508,-0.185193411667687,-0.0446742697119073,0.0604972057021868,0.125663049930079,0.179311159544964,0.227762252704556,0.27595062103329,0.320848594433885,0.292769948112778,0.24777062967118
"56","Exp1Run56",-0.0274271872849322,-0.0946404518539249,0.00178856316279483,0.0426145293202235,0.00381723431584262,-0.00299596432407243,0.00205662507671419,-0.0133231783171542,-0.163710545427696,-0.0476781820416472,0.00123731767735718,0.187811077181162,0.159257835955767,0.159853493344079,0.0580077495481572,-0.0295279878308532,0.00978682274479083,0.0301496657279125,0.0346594285774677,0.00431008659149205,-0.0159229074189332,-0.0732700044044957,-0.10513282506518,-0.184233670498738,-0.161330094903383,-0.0924729816188663,-0.104665594727177,-0.132886655233093,-0.133052813558807,-0.139313273798195,-0.29196855454458,-0.337916375414688,-0.264008154734562,-0.105677815273136,-0.0059975876683126,0.120514097301406,0.18160326014079,0.150736216806667,0.164182266383581,0.184538498026298,0.206434212577794,0.196133365685944
"57","Exp1Run57",0.0467118524102541,-0.0250211883251685,0.0926672512008426,-0.031356035163094,-0.0421127266094222,0.0106878177171312,-0.0516350770008845,0.00975768499488579,-0.187117498215342,-0.0533868812393371,-0.0234941853718366,0.159237063307414,0.116019188271981,0.10859784581559,0.114272798675499,-0.0023261876373639,0.0736616377011522,-0.0767908518826309,0.084372877606025,-0.100339995183381,0.0706260696504765,-0.0662019172193803,-0.0588578830826199,-0.0625850908320854,-0.00645375671702927,-0.0356276330000041,-0.0759779347670123,-0.0821741087378883,-0.120966847855558,-0.138068808800571,-0.257557628260163,-0.296986351264401,-0.270368888679061,-0.179929553554906,-0.10500459664334,-0.0435666093457046,0.0304016399373296,0.0390972328631647,0.0849787830421953,0.0679702723585047,0.1213373557179,0.0727128545478934
"58","Exp1Run58",-0.0765014745019275,-0.0811415680551819,0.017646010732471,0.0631210666260454,0.108319124516086,0.0523625472220185,-0.0359880950573039,-0.056653245188123,-0.141376189799646,-0.0914408445010494,-0.0607391274536983,0.099317602334424,0.118886987936906,0.118861784828025,0.122299480509402,0.133508522148001,0.0658710631642755,0.00260821549776147,-0.0324535025321444,-0.0840099340471216,-0.0766629385244726,-0.0167477853328663,-0.0483302977101697,-0.101431201720142,-0.106575732255844,-0.08075761239087,-0.0212696323959216,-0.00135882041281712,-0.0192765103298963,-0.0247215315354287,-0.114046047621097,-0.150328627706645,-0.154731346939948,-0.101267874614701,-0.0480744599384475,0.0023307069518877,0.0494563407345981,0.121645187265055,0.176747353128769,0.200341008374609,0.208132312389915,0.185629377840598
"59","Exp1Run59",-0.103238072331354,-0.013314908432117,-0.0431881975929815,0.0213474960458409,-0.0217376142852687,-0.0101563983857561,0.044591094118963,-0.0676886530420655,-0.0858135069331678,-0.00725843350319165,-0.0243990856127941,0.142934736882585,0.181926024249408,0.140820836229089,0.204744110041618,0.0279785583181283,0.0543541363979712,0.0841079715671011,0.049160078977547,0.067938248802575,0.0034754042921427,-0.119485955824233,-0.163689323807029,-0.158598861644277,-0.159734908455249,-0.143384973787862,-0.1815537715783,-0.204475684649783,-0.210647631501723,-0.264448410232466,-0.341552825471658,-0.358809576907083,-0.336893270386264,-0.24095882339415,-0.132085459792563,-0.0368402634684834,0.0649346568635207,0.0817877528992328,0.0933996934076543,0.149983655534868,0.192757283250629,0.214736108892327
"60","Exp1Run60",0.0309267488448133,-0.0236229880000091,-0.0331984847055029,0.00767919224952211,-0.0733556373440922,-0.111599635219449,-0.146150538799684,0.00632809657362683,-0.147467050718096,-0.0398358850708696,-0.0510416366602455,0.272520038376421,0.158873995689016,0.23544856452006,0.10696702742199,0.167870240672737,0.0987870235322063,0.00185375430263932,0.00196737223696229,-0.0509065207266522,0.0335101335731312,-0.117847738344797,-0.0973558257938547,-0.0893652291077211,-0.0694812154366831,-0.0350160164952992,-0.0561277285727935,-0.120467947439341,-0.197093924052094,-0.221883273956057,-0.327895754625551,-0.343721911065984,-0.314915522029479,-0.174632432059153,-0.0730145769607049,0.0565883631506423,0.114420530305943,0.176453382796133,0.223496036339432,0.214899303567216,0.196838446659708,0.162215832782281
"61","Exp1Run61",-0.0703921449324779,-0.117629473485796,-0.0675784883289173,-0.0795955324599728,-0.103266063579482,-0.0750031971577828,-0.133682550460267,-0.0736171612701254,-0.193080071802037,-0.0986866185518702,-0.0716288274863498,0.239564750320288,0.265351621680235,0.259904506998967,0.196046659132641,0.14826944508681,0.167561508868544,0.110565991252296,0.0520201666750622,-0.0876046431166802,-0.0619626671847751,0.152406564041262,0.102456681273569,0.0365610496023951,-0.0102256751280438,-0.0642906481444458,-0.12345654741542,-0.169502950383218,-0.241580696923673,-0.303569307760379,-0.416143321923667,-0.463846468286127,-0.458819125807008,-0.328310532694391,-0.18905203170006,-0.0409411772175201,0.0779483343507491,0.167206731687272,0.24961944402045,0.316847832995747,0.338855671810885,0.304733131440838
"62","Exp1Run62",-0.0943886110435983,-0.0992984110819629,-0.0554488171142926,-0.0889948488036833,-0.0673730953324373,-0.0463130298953079,-0.0584608475690569,-0.0751906969797398,-0.0685144098166849,-0.102656372370329,-0.0493345661420938,0.166706647785334,0.183584668542053,0.166265095185685,0.165707804957168,0.154037125224557,0.126845913033203,0.076556664732657,0.0411627494455616,0.00578617248854205,-0.059233331470246,0.16641145785892,0.101568753784109,0.0397148764980084,0.0105463157731041,-0.0282319540659138,-0.0562627814017813,-0.089648330919182,-0.136233363155165,-0.190833398545998,-0.239175364389184,-0.308185682836335,-0.312496573094853,-0.231847963970139,-0.141409715249081,-0.0480642965378552,0.0546574507134543,0.156123714936917,0.24882946431701,0.305894957422492,0.318650430886909,0.317972231843964
"63","Exp1Run63",-0.0169818380761988,-0.00203439249433628,-0.0769988098192576,-0.0416872599959464,-0.0746727266834523,-0.128844571805933,-0.112629046551807,-0.0926581947494135,-0.0724976171610005,-0.0785516165916056,0.0220553958100269,0.183604168691926,0.165633880392319,0.101592862213535,0.0526227528185648,0.0461272701655508,0.148316809298659,0.0771325063777018,0.0286003690019364,0.0354315321253248,-0.0185709690375621,0.0571636242158274,0.0510381213207463,0.0719490116002879,0.0313472252655153,0.0244800815404392,-0.0063501601605505,-0.0593150228364561,-0.0988511077138241,-0.148050989250279,-0.201909585316084,-0.246939426458028,-0.216745842596174,-0.0896066804337931,-0.00034805332229541,0.0377992328758381,0.03823493299609,0.034181665778226,0.109642841135499,0.146650390926061,0.168585575333037,0.187992069099364
"64","Exp1Run64",0.0891579066381966,-0.016788700079021,-0.0294335995123195,-0.102977555609009,-0.0587877623846736,-0.0435025687397433,-0.14228847118342,-0.139601361503075,-0.210052818247009,-0.102694699837078,-0.133179497447331,0.152567269654828,0.197225149555879,0.237088710713658,0.215831565528494,0.129759045042345,0.142744958203718,0.0547946608749571,0.0681834764292053,0.0261434535669642,0.00198118399721702,0.0531034324646645,0.10695710264267,0.123658216241339,0.113230267969585,0.0732709757971182,0.0385736242699372,0.0186921771272426,-0.0665101970120207,-0.163517182210141,-0.288447844171121,-0.359421399137321,-0.391830167864757,-0.300142573432649,-0.18896214692069,-0.0608569932635885,0.0430096064529768,0.0849338611734393,0.146578143928982,0.174215224535392,0.215122522518784,0.256520527726474
"65","Exp1Run65",-0.0633415888296186,-0.0766419383492776,-0.0145755904952656,0.0243601179489413,0.0777501973058056,0.0394035054212004,0.0115209941271614,-0.0229710301999949,-0.119813079100491,-0.0782785931853809,-0.0249054347998361,0.161606363178404,0.144820844702844,0.208198183216779,0.149583081294854,0.0605890797426475,0.0195720022026619,-0.105955660471253,-0.130738094847233,-0.186180780226278,-0.0818771407961327,-0.0235390581012154,-0.0531499285635421,-0.100187402796167,-0.130817581024898,-0.144945406767571,-0.12280333193305,-0.106987304611943,-0.108295824295024,-0.111551781918236,-0.173223461815728,-0.188517988682723,-0.149203076632071,-0.0498188387610296,0.0162692373424467,0.118880706274736,0.201158902043183,0.238579290763471,0.262285032048721,0.21507294869368,0.148514591292513,0.0419426742334423
"66","Exp1Run66",-0.0255382766347833,-0.00475132861722244,-0.114831023779615,-0.121881043799327,-0.0873883923351963,-0.196902129788579,-0.133667032403192,-0.155156602782468,-0.163582713939018,-0.101906504646149,-0.0690772012107451,0.245460085903326,0.18985248276221,0.287157166397452,0.240660634947555,0.164133559614952,0.160303712452489,0.0210505045106167,0.0049255589430398,-0.00113375278383708,-0.0970785428202428,0.211821429054933,0.219812066423826,0.199823482000703,0.139839068307815,0.0679805783180792,0.0216736446711854,-0.0787283617559486,-0.173501113397422,-0.256790226348059,-0.347853983564749,-0.405581831439426,-0.400991877070482,-0.290690875287579,-0.201041972154697,-0.067584939252445,0.0468025263042934,0.146863422562415,0.231198017477209,0.257710993934939,0.269353659301538,0.283539610473293
"67","Exp1Run67",0.00631460709948651,-0.0723841818425179,-0.0843232242544633,-0.0374310483898852,-0.0354844853063053,-0.0828981844207154,-0.0749760482677024,-0.0443091639893085,-0.10143968819971,-0.0478022382438402,-0.0661804878693322,0.178979948019326,0.136874704883922,0.154657707689349,0.123648186291887,0.0403977726711014,0.0487640667839346,0.0930189141867742,0.072811963728649,0.0531830358645219,0.0512842552668603,0.0175657520721049,0.0269553915179621,-0.0109524506255621,-0.0654519603471194,-0.090422649230107,-0.0983584909156328,-0.141869425882077,-0.178862415097698,-0.217206368229748,-0.289102724389464,-0.30902034722758,-0.280386116954864,-0.179462832059459,-0.0945954705998562,-0.0107860401529143,0.0698594234970989,0.084118682679755,0.106180694193615,0.158172409018457,0.197489440866916,0.226951398968821
"68","Exp1Run68",-0.0509248570572847,-0.00858741833344402,-0.0933621525072101,-0.0478626220475177,-0.0991552235935944,-0.0182065522645831,-0.0444863399326986,0.0705590349096744,-0.123438539660311,-0.0029885258320646,-0.0379304378902082,0.204705879680634,0.0905806973801441,0.173312518160354,0.103577498741436,0.161345352014167,0.057664511625282,0.0370658993269882,-0.00119630803747871,0.0692824646511134,-0.0150030990752586,-0.0509329993859901,-0.0939129257688896,-0.097730785828326,-0.165716169517802,-0.188127359948407,-0.268414202035096,-0.300437392665195,-0.362745581193572,-0.325615921068848,-0.445914730090273,-0.457447678870365,-0.428616246566378,-0.270872290151352,-0.211170940714023,-0.0853556165992822,-0.0183910897045296,0.121887274445352,0.172131620058452,0.223443257900741,0.223509219649071,0.289083882475305
"69","Exp1Run69",-0.0197610883184816,0.020219520526883,0.0312578424747438,-0.0470839910191643,-0.0762829676124677,-0.161424780159782,-0.117403838280874,-0.11639207856684,-0.138156551150078,-0.0783571096074721,-0.0522271933561798,0.169481936796769,0.161107402362812,0.147006146621256,0.122561943627766,0.107097445864042,0.157476843498607,0.0581466985020687,-0.0355747753722551,-0.0823301672784585,-0.0952539696429976,0.0666281052906914,0.0664371305140548,0.0898678191475934,0.124698845046546,0.117028036281396,0.0812140089500497,7.8294751323933e-05,-0.0641638887324004,-0.136481594452665,-0.221747547938011,-0.268209266970474,-0.270925684955667,-0.189692766098229,-0.105838706143202,-0.0319941756891664,0.0204068146229796,0.083910736592126,0.158308052648353,0.183747841838547,0.158107523268564,0.109026479722021
"70","Exp1Run70",-0.00177074198772283,-0.0054783018956713,-0.0455984494095456,-0.0648230672475085,-0.0884574274960183,-0.106942525779561,-0.161009108100786,-0.108332731948116,-0.113957996709212,-0.0368461524239859,-0.00940396461589936,0.192146640263817,0.190740375657421,0.267086624347961,0.141921827837484,0.0924314003068419,0.0888574305335754,0.0215273744046056,-0.0199578772243252,-0.0160055307136405,-0.0507518084716469,0.0454129578172052,0.0422688097695138,0.0621599805241388,0.0635206985683368,0.0599447534573171,0.0139042852696053,-0.0385435665805434,-0.128188087228444,-0.182996554604183,-0.247591259827627,-0.263756071306496,-0.244027781168513,-0.148876764004213,-0.055112573939531,0.0790810867012858,0.138659304012585,0.17365188300266,0.214514286210493,0.209817007625998,0.182037594527639,0.172093639971512
"71","Exp1Run71",-0.00168738744575363,-0.0445690781349185,-0.0623242246106721,-0.00778287736062051,0.045943179052184,0.0591012196798346,-0.0818454478689452,-0.0412167476734891,-0.104601876735359,-0.113847038461229,-0.0332504165773918,0.176795539536047,0.20415277393118,0.140998423466516,0.127134988735179,0.149418229601535,0.120596760509803,-0.0105046379410453,-0.0328120084270123,-0.0812207634165232,-0.0613801438684397,-0.0531239403931612,-0.0479804610578787,-0.0816111440082064,-0.126064594501872,-0.153121987138521,-0.158699927310072,-0.145062870794856,-0.212210615673334,-0.263410286270854,-0.34314748046486,-0.404174642938493,-0.361297444535169,-0.223540408086003,-0.0843754987535986,0.0157360974325679,0.0965397025880868,0.210427359352244,0.313442452063872,0.338338719041936,0.341733311930811,0.293748637909304
"72","Exp1Run72",-0.00523698168628956,-0.0810869745749358,-0.0227574986154205,-0.0781440322351013,-0.0559085790460307,-0.108978130288445,-0.101499090181222,-0.00677820944352169,-0.171421731589476,-0.0491199641767461,-0.135910182642245,0.218479907591596,0.0997589402313365,0.18232785771509,0.123214897411038,0.139270587848803,0.168851196542007,0.0138236801711219,0.10058458056874,-0.0216986066302856,-0.0200080993841131,0.102503836547904,0.101287289725414,0.067332855313547,0.0664966813174143,0.0242034937481653,-0.00356502410123322,-0.0723127076477665,-0.136279505952807,-0.158900914794189,-0.262783554926787,-0.298224273073584,-0.33879919120429,-0.228548409107788,-0.165215334166968,-0.0726161857641577,0.00893202448328679,0.0957866351636477,0.179493011806656,0.20016611915123,0.257731719663807,0.26648541715086
"73","Exp1Run73",-0.0786333458248411,-0.0945386797551003,-0.131496252982427,-0.139903987179667,-0.125333263090808,-0.176736799062822,-0.139786364861492,-0.101595528738086,-0.145646763052193,-0.0132902931755584,0.0030993504188295,0.174894758383447,0.24896431762312,0.262466938430258,0.249989451652066,0.229726372004598,0.190420744447734,0.0971377580913962,-0.00467507009278346,0.00648045167349213,-0.0533773931762479,0.0988814903694963,0.0677212644257328,0.024926206840813,-0.0237278620212097,-0.0771150495494947,-0.13330013866012,-0.218519483831634,-0.277821596787824,-0.320169489687804,-0.392119917593687,-0.386964533824663,-0.354201546167139,-0.275467879049086,-0.163103602989046,-0.0455993925408144,0.056441685596788,0.163951473991627,0.272171473437823,0.327260143098049,0.33140203206446,0.339975612641934
"74","Exp1Run74",-0.0579263099959451,0.0859440034143363,-0.0232114308616013,-0.0214698878763115,-0.0665583510249041,-0.0352739162306326,-0.0701467992540753,-0.0363192009702163,-0.148008555029568,-0.110616942666075,0.0081197724694082,0.256820626317669,0.154520504471563,0.138029488671421,0.0493376944793251,0.140487150447487,-0.0150322931693024,0.0580503062702405,-0.0406450595082474,0.0374127024801853,-0.0857584112504398,-0.0536521455460878,-0.104472633329628,-0.0649562179943667,-0.0688370963657667,-0.0845137553650332,-0.107496825890461,-0.151837510754071,-0.187661928704102,-0.20645833312898,-0.309264315866794,-0.38558828960667,-0.297258669174933,-0.103310570235298,0.0167578391554904,0.105502812991751,0.147779822253083,0.215190619494742,0.215499729510527,0.261386351036988,0.235442174382936,0.239336575182586
"75","Exp1Run75",-0.0725272035863181,-0.071815051468762,-0.00150274637083876,-0.0707922440050951,-0.0409932214411013,-0.0442538363099852,-0.0528934086174034,-0.106534965109101,-0.0530898785257697,-0.020103986605221,-0.0496262999455874,0.226125112649097,0.160148121382175,0.107840577461197,0.0938116330632662,0.136750817170484,0.0508933354801947,0.110713488328301,0.050357360134146,0.0189380748362565,-0.0457922657586859,0.034375762187961,-0.0003997632020712,-0.0542750077695761,-0.063221837162273,-0.0833652495256429,-0.107710048138105,-0.113211014473575,-0.161001084354365,-0.242707758501754,-0.332087334839984,-0.378632758350838,-0.354698183742274,-0.193725516979858,-0.082249112929252,0.0036094891680772,0.0664548396052103,0.166323619851316,0.203201973305049,0.287206565853733,0.320104168281357,0.328964099617485
"76","Exp1Run76",-0.0981646425294792,-0.108347039722883,-0.11126817878464,-0.0695620033269985,-0.0333197074315413,-0.0139617649368965,-0.0666125428314107,-0.165154523712918,-0.19702524473892,-0.118541406217696,-0.0422466670112579,0.167539027669807,0.191993179995913,0.222175472676165,0.197322537833863,0.15717009510893,0.107434395621617,0.0665704846794129,0.0217579823996189,0.0293825868640233,-0.0772860423341563,0.229694051544465,0.158586236934366,0.0801212478811541,0.0019693356528315,-0.0397245726335813,-0.037364020610679,-0.0256607645506884,-0.0560618738248292,-0.156696756658302,-0.295158131086777,-0.384769270956953,-0.38572308843099,-0.279361383018143,-0.160800964094159,-0.0442845625263612,0.0671146750744895,0.143672464936499,0.205842308304153,0.259152289017576,0.284746124120481,0.316542893464192
"77","Exp1Run77",-0.048265636572389,-0.00402783233828367,-0.0442421514026302,-0.07101003007388,-0.134680180915822,-0.105535081529202,-0.107468637950292,-0.0399464361008516,-0.135529171045997,-0.0289818396310694,-0.0215943945316735,0.18480438226153,0.0852404006162812,0.176220453851146,0.0999077964174159,0.0904634687616342,0.0813065251381334,0.0906024389173526,0.00431439341343312,-0.014902413677765,-0.0180781223077515,0.117686934331846,0.0926243401074926,0.0894240122433173,0.0826742721801883,0.0407861057924067,-0.0290792106063919,-0.0992499860706039,-0.175889256906636,-0.216935489716431,-0.300009250827938,-0.31592207056587,-0.28764770398273,-0.197539227323778,-0.13883451315157,-0.0451817500482583,0.0270433948240553,0.0849921683829051,0.13288093161198,0.180197093421452,0.174843709155003,0.155940707392999
"78","Exp1Run78",-0.0435465229229026,0.0104371866902438,-0.110227506393289,-0.00820004730798183,0.0278703894891428,-0.00608787884747655,0.0437614701849691,0.0522996441803307,-0.112200324576864,-0.094186127154615,-0.0291579331998441,0.174080466572045,0.0679231859177712,0.0226126754575147,0.0879713216219473,0.0133394180321345,0.00129319603508447,0.0680243154818596,-0.0218739493291326,-0.00458165608435277,-0.108042073516216,0.0426618726661044,0.00190101050705147,-0.0017493998134566,-0.0972879766987733,-0.103559663268591,-0.0631233459813396,-0.0845861164543416,-0.0508028113385152,-0.0275639769282394,-0.141986939752369,-0.216893110160773,-0.190351954246387,-0.0570528267256149,-0.0163526980315706,0.00483728061097021,0.098890564516051,0.114090571575126,0.123277777210643,0.173356682852851,0.168597733996931,0.158230231952957
"79","Exp1Run79",0.0260008821138391,0.045595717042694,-0.0145735317807887,-0.0955199766015782,-0.127448929650524,-0.0870161477023806,-0.0893049023182197,-0.122446992982473,-0.139761486989711,-0.0610084981186154,0.0253948734641932,0.255099567684218,0.200619984320868,0.203718464498058,0.110784456282874,0.103536028526956,0.0937062376785523,0.0334378819116853,-0.0558893200660908,-0.0514230609370856,-0.0556262567584529,-0.0308508323662988,0.00516070880211796,0.0583043456736696,0.0677879602485881,0.0204935767949418,-0.0440241267233226,-0.0756091853594726,-0.114662466464848,-0.197395521001818,-0.295741553795454,-0.34885860480852,-0.313047358964229,-0.162243559775117,-0.056343434587597,0.0495521716936506,0.0877802377263279,0.129877423376872,0.172855945272171,0.185616839336507,0.150167744478842,0.140474081559607
"80","Exp1Run80",-0.00385471577479483,-0.083668462389558,-0.110968996682157,-0.202019948884349,-0.117732462746466,-0.17107595903537,-0.146078797783071,-0.122914897212796,-0.112504892652656,-0.0186526045969355,-0.045578333547314,0.267887942522648,0.184208294626922,0.228777629842012,0.194032263651941,0.171326372956907,0.162232319938416,0.0974791163579466,0.0680242441290624,0.00508459564247366,-0.027196706717741,0.163131714231747,0.174756016034137,0.129619253387663,0.0846662256800179,-0.0326759216442127,-0.0907932901032981,-0.153817873542178,-0.234694112116219,-0.300826481207528,-0.370585764043715,-0.382989625624364,-0.36873072981019,-0.211822274533174,-0.11139384930351,-0.0044395793905552,0.0832011596185174,0.178958036969296,0.257162277222606,0.311196497142689,0.346645864894806,0.341863169926779
"81","Exp1Run81",-0.0427223532918727,-0.0429422496315355,-0.0554052111083895,-0.0719703789107961,-0.0146968764111578,0.0483981211808919,0.0326037452604882,0.0143749812169061,-0.0769360222740501,0.0133113530544,0.0185956532098125,0.137066170144632,0.0385437821701035,0.0449774925719689,0.0774093922446001,0.109486549009654,0.129627381861713,-0.0168916477291311,-0.00712432875806939,-0.0576165252063783,-0.0298714508914679,-0.0624005985529407,-0.086345227421848,-0.104775804277726,-0.140378864466565,-0.190574860252574,-0.186519148124649,-0.143825876281964,-0.116860333634809,-0.124622209947261,-0.198731422430664,-0.216632004915668,-0.151612549371449,-0.0433503615917683,-0.0259672188057573,-0.00327334014716267,0.0354164203912268,0.132050806487786,0.234669681405226,0.236666786801251,0.21505023435322,0.195363639874748
"82","Exp1Run82",-0.00951179830117643,-0.0764869271936305,-0.0384911620103726,0.0248920550381205,0.0124098454394369,0.053815241932313,-0.0288820571043261,-0.052206943429937,-0.153075252144824,-0.096587309920783,-0.0180802416793286,0.192839189502979,0.0860323542364349,0.0747956104696037,0.0491986206336615,0.0976419438831853,0.0577010883901004,0.0551817491537527,0.010248878319498,-0.0153044589864203,-0.0433628865740143,0.00250192782993748,-0.000360202511104771,-0.0549955016354043,-0.0772564475276722,-0.0676870679821801,-0.052908782455138,0.00243671778570843,-0.00682973029682355,-0.041156121051724,-0.163858865958084,-0.25287532238318,-0.245057568829696,-0.1140367447975,-0.0627478305403796,-0.0234126116068025,0.00722510071755001,0.0720818026425337,0.110037309916899,0.151676668139207,0.167673535234783,0.177130268205108
"83","Exp1Run83",0.0295835857619995,0.00327769076158047,-0.0293429767279192,-0.00825268329056391,0.0472534094913258,0.0121868913569412,-0.0183203169151809,-0.00738555948413129,-0.0437215452818786,-0.0431667972963239,-0.0626913509639456,0.126117671725797,0.110842914911037,0.0866571893390353,0.0534650951942232,0.00325229133547648,0.0313516117290617,-0.053330696271158,0.0035131934811675,0.00959435846329045,-0.0335064480340762,-0.082433555985203,-0.0767278667905776,-0.0630123233931744,-0.106544908334539,-0.100117125129732,-0.079938142977499,-0.0827267628443894,-0.122162438374143,-0.138789422201326,-0.168136749986457,-0.195890161538918,-0.172737313977865,-0.0514132853624151,0.0303287428699934,0.0666304224931707,0.087824541054512,0.0848765855144755,0.111845084857866,0.0874255191464929,0.10264574208481,0.136829225153071
"84","Exp1Run84",0.0401019215746751,-0.114474810729727,-0.0340532401979278,-0.0981357740245262,-0.0445606541398201,-0.0918054608523012,-0.162411508759818,-0.0926148299378943,-0.255513784973971,-0.0367481863378108,-0.0556358729427194,0.246240135953193,0.168561284871631,0.224673619807294,0.204056600578563,0.204994060218329,0.168243319858085,0.0668985805574608,0.0602962624408891,-0.0644474830887907,-0.0526035814823764,0.113147719086127,0.115276951940111,0.0492162987937415,0.0240258255548469,-0.0266751243527142,-0.0530805828156342,-0.086613172088836,-0.161777528238203,-0.217626814859671,-0.35467282883238,-0.376827800550274,-0.362603682221078,-0.229658329354389,-0.133737575748789,-0.0299370524095936,0.07397237984914,0.161440507141161,0.241405556240926,0.288445150753283,0.327180829566391,0.30779597270583
"85","Exp1Run85",-0.0170627205098092,0.0115769212272143,0.0104431190887258,-0.0910393121536711,-0.0199752254666152,0.00794122986337532,0.025305780456845,-0.0467475604889331,-0.0923503921332493,-0.104216581009106,-0.100204144831521,0.153761766680345,0.186953985075997,0.0880003781541193,0.096533045805211,-0.00201572491352416,0.0175232663064733,-0.0352313897333677,0.0392985517070459,0.0536191835451681,-0.0644623974250462,0.00303494002492719,-0.0166772797802324,-0.0218624168006321,0.0012641363087768,-0.0542924895702227,-0.0922770142010318,-0.0983957239968675,-0.0862460285970069,-0.0984483104965673,-0.167903527323768,-0.264194666579005,-0.259175861396311,-0.141975546358687,-0.00714774989290151,0.0512272679766871,0.10423788382756,0.120908422719253,0.142917308316399,0.134677996629012,0.16074412583686,0.192008251427108
"86","Exp1Run86",0.0656962074402196,0.0280908739555537,-0.032774891211592,-0.0368410601639068,-0.128319597781769,-0.195147663798061,-0.131259421323858,-0.0579659647611673,-0.0951593643647212,-0.0544440725305595,-0.0276491524363407,0.169665587206778,0.091146218002471,0.094242077847205,0.141941699238343,0.134055161936576,0.122176769405917,0.058020436394663,0.00844837291333175,0.0705557105110555,-0.0391230514528185,0.0761571048156997,0.146253386444104,0.16630618425428,0.159116265988353,0.16432162852772,0.0892912957654557,-0.0115596271276958,-0.095596324330466,-0.12527707904167,-0.186990228182636,-0.244657200910034,-0.238176141805204,-0.142434248405564,-0.105584418013947,-0.0759890925741267,-0.0240459272274302,0.0651251015708964,0.118545681051522,0.164199241287311,0.178657365231865,0.231372006845544
"87","Exp1Run87",-0.0672373039547751,0.0465786738706086,0.0491400165793899,0.03325882307586,0.0482484656762746,0.0215571215972719,-0.00140125019182574,-0.0508003325347674,-0.145737893274302,-0.0997014012399447,-0.128273885240466,0.0885125605642228,0.127474303243187,0.149876380474317,0.0834757655633509,0.0761726726836366,0.0411104637484488,-0.0192619135669626,-0.0669555232444041,-0.0949154184619882,-0.0595409935106401,-0.0309602263651857,-0.0626912767422065,-0.0376980862943269,-0.00359597721647277,0.00421274562787637,0.0172590305385107,0.017286682268608,0.00297781088083022,-0.0417274913129591,-0.116215184116343,-0.161486161207903,-0.200471193055687,-0.155778648838486,-0.0969629126329433,-0.0260187325688212,0.0158807205993887,0.0583509381369169,0.0786685369573611,0.0797016198294681,0.0577137017930337,0.0332658095730993
"88","Exp1Run88",-0.017587819283917,0.017040559598284,-0.165093567482329,-0.00113705453204033,-0.0418928663774281,0.0834686141873124,-0.00193086455135811,0.0574030240699214,-0.158304777905296,-0.02983158423768,-0.133646206616199,0.146062660856463,0.123173943406833,0.176088215168049,0.0472878340228883,0.0383859499095536,-0.0672149758477991,0.0298361385012676,-0.0142424549437377,0.111126538185695,-0.00587860489919142,-0.021011665099012,-0.0310917362257095,-0.0154023309907761,-0.10430633281937,-0.101650501963107,-0.113695175704226,-0.0474150246881013,-0.0380498914881492,-0.0228797971720104,-0.122534773792288,-0.136507649244958,-0.168013766933244,-0.0886984376047276,-0.00905815511153004,0.0800657004365176,0.106905939224562,0.103148651833619,0.0485583248953785,0.0596537305198431,0.0594894449425346,0.107081541059533
"89","Exp1Run89",-0.00865126826626193,0.0194111683256257,-0.00864645772572313,0.0397279961376336,-0.0331976881041486,0.0566679235673562,-0.076539425228742,-0.000953507472549882,-0.131450270202432,-0.000575151680794088,-0.0135897734100538,0.148194536303197,0.0993230559907967,0.0652482220287486,0.0588560798412386,-0.0300568610943048,-0.0196139803459395,-0.029026240256614,-0.0305069175496612,-0.0286343793978953,0.0293849550024436,-0.0600966084862905,-0.0593888446863462,-0.0419152524240935,-0.030348199002789,-0.0208618626974549,-0.0469142384136612,-0.0363387235569951,-0.0903645862782894,-0.115403382904247,-0.195834819180753,-0.192762207522778,-0.149707490579983,-0.0509105782959009,0.0118421380937128,0.045117173113603,0.0784516228913607,0.0400032108975823,0.0238303576757621,0.0130305194854502,0.00949949356942301,0.00966379440208218
"90","Exp1Run90",0.0588571215773823,-0.000477780770555423,-0.0800444844325114,-0.116715781313037,-0.112674767448493,-0.123247050237375,-0.175841126788548,-0.0835817130900808,-0.140442650490588,-0.0245327198844092,-0.00718023722764409,0.215364842607582,0.132541271892676,0.188860459941215,0.147012253835226,0.11072713185685,0.1381158733918,0.0239928885030746,0.0344866079133695,-0.0375318980539355,0.00243126922912985,0.0813218227608122,0.141028677633389,0.165014511565207,0.131661225321356,0.0625979840621121,-0.00703793029895096,-0.0957561547810131,-0.203338532290455,-0.258654410191739,-0.338456904998048,-0.361935191090847,-0.29514045232988,-0.154099436000009,-0.0626029129313062,0.0388011091208876,0.104414834107515,0.148518485409162,0.208953088610294,0.205988264970662,0.195844265723748,0.166177845736973
"91","Exp1Run91",0.00609938803624905,-0.0734081522011465,-0.0713289776303515,-0.0525724803906747,-0.0369855917756625,-0.117630928834842,-0.108377080386408,-0.110111107287029,-0.0309218047956819,-0.100749679979252,-0.0225715970754404,0.121990910332118,0.166846529098892,0.157719812007823,0.101403762609915,0.14569095837223,0.103512575936338,0.0635235746111705,0.00694725402641852,0.00863306729795888,0.0262193097138451,0.0815273600446773,0.0899928629086682,0.0622339182405549,0.0438448203656941,0.0195329886512078,0.00158187631394498,-0.0604708325325155,-0.121618442646827,-0.19029993989441,-0.223300942131573,-0.284035647118164,-0.276294346674653,-0.208856056628595,-0.116766897045633,-0.0340224860439206,0.0144968312066378,0.0732090659281188,0.11699407643295,0.15806781510809,0.186308642648375,0.210962243083725
"92","Exp1Run92",-0.0449013123035591,-0.053054143486513,-0.142134152037425,-0.0114201157630609,-0.134612629779605,-0.0401559726144032,-0.0668093310470279,-0.0645713372797219,-0.0905225572774307,-0.0489562727360513,-0.0624418630892715,0.166964858729083,0.14376512562033,0.179489346676693,0.224846084155402,0.143849917872616,0.0261335347281316,0.119577694609929,-0.0433829793157182,-0.0112827509437374,-0.00527054888495126,0.0668860443503962,0.0365888104711321,-0.00450963020121533,-0.0948238072440674,-0.109048326891291,-0.164534801932981,-0.176055257398213,-0.202804127847647,-0.266626737393285,-0.3400460898466,-0.413410962140624,-0.389000629022654,-0.274262575305007,-0.147493290487922,-0.0465497821675725,0.116062321393965,0.190155050363515,0.218110322607706,0.273939492452066,0.251808738572852,0.244158278315852
"93","Exp1Run93",-0.043610354891468,-0.0576342932794201,0.0396062287551191,0.122519081357343,0.0577956125594536,0.0867068066270958,-0.0627853600612091,-0.0477780728579473,-0.185719023701418,-0.0315311039646006,-0.193783509696581,0.162434293607833,0.0398558952233223,0.164763518320282,0.155297336194004,0.093707173772899,0.076394848255935,0.0229890052503921,-0.124477731135887,-0.168662724015058,-0.0778953150028098,-0.0888693432534325,-0.139249122261842,-0.161235862391958,-0.121170290138761,-0.0290233578737926,0.0161961967192,0.0463373512255671,-0.0250641536945496,-0.060229140143297,-0.218660747280735,-0.220246016023228,-0.284173992949828,-0.147417038005269,-0.074463753482344,0.0552686777090933,0.162049498224233,0.234557223176471,0.261405826159319,0.273301221452779,0.181281637349858,0.0954145143855193
"94","Exp1Run94",-0.0640927548959497,-0.0159293393075552,0.0100635667507039,-0.0423998415382822,-0.0493230740844968,-0.0378299090576442,-0.111820998994762,-0.0065426266656636,-0.106283327987384,0.0250315398711354,-0.0741383469810858,0.144619763618629,0.138976857196958,0.129839258836074,0.160807473274229,0.0420324643443046,0.109841050058971,-0.0306514442923297,0.0269392004069296,-0.0654548074330484,-0.0287246523161312,-0.0111450944742045,-0.0562659268366022,-0.0466119021496526,-0.0424339718329901,-0.064969064929123,-0.107812508077505,-0.14565134835667,-0.22988300638852,-0.233196584940419,-0.315056151766249,-0.300537624397883,-0.307401156229491,-0.199353626579145,-0.0974241002171672,0.00147154602781641,0.096708098608181,0.124761050864947,0.197149109757001,0.18832883519285,0.213687843912446,0.175701373523176
"95","Exp1Run95",-0.0232846300500185,-0.0245070049768508,-0.111532426477649,-0.0395587021412062,-0.0894612501506457,-0.105456989869015,-0.0385585182176719,-0.0939588004611553,-0.078869172307657,-0.0548830422620835,0.0220312200889839,0.165508945420157,0.158868062611873,0.134287553148034,0.152461361003187,0.0852973465963098,0.0891270163586931,-0.0346707709514217,-0.0660166892147425,-0.0300040717024951,-0.049749815781992,0.0910842116045916,0.0806585142825546,0.0626592999477565,-0.00402859577114661,-0.0322626351818146,-0.0937426308329972,-0.143888396019394,-0.156793981491283,-0.197995756651293,-0.246323992230981,-0.265840607187415,-0.231231293546213,-0.140543745257911,-0.0529888740571238,0.0165033778353122,0.0903520789051397,0.130197732377876,0.173802728067074,0.154317543912608,0.118807548678068,0.104533119945462
"96","Exp1Run96",-0.104436582035468,-0.0634505209506065,-0.083276486067791,-0.0400989158463684,0.0288429565362309,-0.036168545648049,-0.0933345993033209,-0.140995014348589,-0.188862547902621,-0.16895725020197,-0.0819981648484311,0.204813176907208,0.264356007466923,0.27449710639312,0.279407056074,0.169056679196461,0.0791904900896374,-0.0192816991863274,-0.0585633190451737,-0.0673562470198643,-0.0541677318209172,0.0784152509041344,0.0238522592637667,-0.019344926676984,-0.0819275980818964,-0.110077919184173,-0.103405447682793,-0.109276516845499,-0.15373759396159,-0.222028961304116,-0.314335322556467,-0.396122181198774,-0.409981680330317,-0.306322388161262,-0.16832420733126,-0.0440669367330552,0.0805394363606171,0.17798020127749,0.233563302790479,0.23925633111175,0.227532874122252,0.211411253409246
"97","Exp1Run98",-0.00237120777689138,0.0630049921715609,0.0803542201972896,0.109360198107436,0.0571171536044972,-0.0123856896722399,-0.11794005589946,-0.149455093596596,-0.165438550308224,-0.135151799324045,-0.00862364056942862,0.116069274666381,0.149402515260237,0.116875654387814,0.0975766232518109,0.0249568617114961,-0.0172683249389437,-0.0547755103687227,0.00718827591306811,0.0577406216281887,0.0372104918100071,-0.0541328370767248,-0.0382081108362223,0.019042558246489,0.0708926523560434,0.115660065687023,0.134382790442127,0.108839757411726,0.0357727831575804,-0.0510819509058695,-0.1396964924198,-0.200080627362496,-0.174210870445042,-0.113752499275782,-0.0405515830189788,0.0116983225366608,0.0453844355134504,0.0375445047595575,0.0191167884883289,0.00450714206104735,0.028978134054027,0.0821218251198394
"98","Exp1Run99",-0.0404290358625461,-0.00928735476712418,-0.0220685639661442,-0.0144826423111553,0.0267659383349302,-0.0203491149761288,-0.0567848570038105,-0.108592498395116,-0.156539487015926,-0.031585160068288,-0.037694483277347,0.209459786450549,0.156376888685662,0.138313714683987,0.14139391950271,0.0975095454648544,0.0624066456592008,0.0119829450168101,-0.0133908626318843,-0.0204424588370369,-0.0415896614860147,0.00195504839197847,-0.0165533674776569,-0.0344516869522834,-0.0778362325351277,-0.105747361642701,-0.10164259767154,-0.119510678078813,-0.164156096701809,-0.236093741013972,-0.338111435090926,-0.350503642253127,-0.310331648404042,-0.170027708817611,-0.0762230128633643,-0.0115706475180567,0.0628414051939939,0.117144449806068,0.163567750254554,0.168005957784511,0.182055368846848,0.192240134779364
"99","Exp1Run100",-0.0661362411596995,-0.0827377972124078,-0.0946651447818366,-0.0752458697391319,-0.059747665296805,-0.0646371631663141,-0.120888410359867,-0.0484222280560524,-0.14009164689376,-0.0160712467511448,-0.0772722096553574,0.22718457284307,0.125904068167321,0.184956782299666,0.0894203822678516,0.133303124035503,0.125669676454927,0.163577946921525,0.102051928869987,0.0209499357033236,-0.068061321965639,0.0652978315008702,0.0270364396014997,-0.0131680967504512,-0.0428008713201983,-0.0506154459806291,-0.0593889355449723,-0.0574838228600319,-0.104694672484244,-0.117403727640111,-0.184867909469856,-0.21506483104601,-0.222466866810667,-0.129602430347002,-0.0657175934693202,0.00303394832131025,0.0229369171777645,0.0699949846373587,0.118410720591623,0.206126157995459,0.273605821081652,0.303531946415022
"100","Exp1Av",-0.0317063086813334,-0.0369991673266944,-0.0383649326271724,-0.038300480821962,-0.0364955002106002,-0.0382261495499183,-0.0574587167520897,-0.0579119945336144,-0.127717808932962,-0.0619094348561312,-0.049263569614711,0.184771048533649,0.157025832060803,0.16302909432738,0.12735881086947,0.0974014501005995,0.0694422370876745,0.0244563451610278,-0.00171300075237601,-0.0267032544787549,-0.0384875709601985,0.026536320899906,0.00937514036158269,-0.00904122492691694,-0.028184239279847,-0.0486518304800685,-0.0704408533387281,-0.0941738110790431,-0.130483811143303,-0.172231894069762,-0.257545911813658,-0.29860824694824,-0.282473862929113,-0.170632823533279,-0.0776996812391609,0.0093610614895942,0.0781480970889488,0.131651108604336,0.171708825082012,0.191444814238684,0.195418987164615,0.188830290701383
"101","Exp1Var",0.0024715977159123,0.00277993208272522,0.00341042170552453,0.00463709268813655,0.00516088435747418,0.00471662016911153,0.00359405549289758,0.00302577511821758,0.00255250981690079,0.00280451529358887,0.00281223327940065,0.0023563247002471,0.00283439825173092,0.00361791794328806,0.00299199135597238,0.00344229475504109,0.00329772413370753,0.00308665671831822,0.00351572935480442,0.00395856890140146,0.00185850757168018,0.0074166003180122,0.00853628903792302,0.00829527808126715,0.00789018965341784,0.0062282818008618,0.0059306490183367,0.00578736096312431,0.00605846756521892,0.00616497499001024,0.00595062893045589,0.00618152447885367,0.00618899445338618,0.00547446038956451,0.00445916089159224,0.00332988994030952,0.0030065709103927,0.00370733305656506,0.00437711348582282,0.00540586185543819,0.00624566862069102,0.00751249001940587
